"mode","m","c","r2"
"Driving",0.696520445864241,20.1647943731356,0.391702457740631
"Public transport",0.509001852652678,8.78242328592909,0.726834599145884
